Country Name,2000.0,2001.0,2002.0,2003.0,2004.0,2005.0,2006.0,2007.0,2008.0,2009.0,2010.0,2011.0,2012.0,2013.0,2014.0,2015.0,2016.0
Aruba,89759.05311120272,92785.84832149679,96232.27165520523,99505.5058144184,102692.2247317642,105613.48138767293,108184.90969950546,110498.33675242266,112718.17991080912,115035.46813821488,117581.20314638464,120412.88374931503,123484.42174143555,126701.35961558438,129909.46183377592,133018.63500254927,136017.69317368767
Afghanistan,28098572.49314852,28723345.94971536,29342692.298403814,29936536.07492914,30486045.93813651,30958813.665960178,31307440.228853,31543962.112627856,31735851.466152042,31915942.589282822,32114560.157479115,32379752.57865969,32701657.324901685,33053478.42456358,33427287.281599034,33835154.73979148,34225724.6455486
Angola,12758585.364292718,13120377.963192336,13491000.500744399,13882063.424558742,14308936.121767282,14780496.196830073,15304811.539781667,15873225.447766677,16457526.358776694,17018796.25385742,17530052.365844376,17980218.54320306,18379964.101344947,18750799.23838193,19125027.82181268,19526434.870266724,19961203.64215147
Albania,5313533.484710948,5311557.428358709,5310534.384191926,5309984.225031231,5303140.345093132,5284833.233914795,5267584.862212975,5261263.066115475,5259963.1920826845,5257888.190216537,5234273.969497606,5209079.287878908,5204278.819892844,5206410.5972728785,5211042.403387264,5212975.005484044,5207443.847545747
Andorra,58807.22575623381,59306.336881142284,59799.50125662863,60289.77721978453,60778.436703181476,61267.86763654121,61763.44506945332,62272.081697602865,62808.39547756289,63388.691283588836,64023.60694635181,64717.57741619306,65468.82757590394,66270.07940049225,67108.58859273152,67978.71769433533,68876.28884545073
Arab World,80914543.27033544,82554096.94111627,84163327.7729689,85764815.93637583,87391394.10402995,89067410.58982506,90800612.44905668,92591074.37860227,94440224.72587937,96345077.957022,98325722.60439894,100359630.2231299,102422426.38608399,104530795.67100668,106670902.34399128,108830381.75833616,111003465.37852111
United Arab Emirates,3778683.2528789,3936602.8732082136,4098390.0433590533,4270483.460982799,4461593.440125272,4676226.675410384,4920041.094388984,5187213.664248191,5458878.789791309,5709017.543477807,5921004.592186384,6084230.114348499,6206706.849970477,6310236.164307046,6426434.511105294,6577144.921013797,6771375.694003394
Argentina,7395474.099324065,7502120.639825955,7607645.501541019,7712772.74293287,7817517.612156022,7922100.1221124455,8026245.495123613,8130036.498539284,8234655.324275209,8341146.873982133,8449471.718247285,8560064.936087579,8672755.527016984,8786987.412982145,8901611.76592286,9015853.766473338,9129807.535368692
Armenia,5527631.930716816,5468599.122463774,5400259.702963121,5362482.415131405,5329325.064381028,5299039.315976182,5276195.198957328,5236035.760514656,5190576.679077209,5163753.563648055,5132268.324276651,5109674.859773834,5099044.669277574,5093286.682065733,5088246.681194961,5084232.457572533,5074001.19509661
American Samoa,56851.17003883995,58151.34170018567,59639.545849293805,61296.026087271006,63089.35986384393,64988.74902667613,67000.70898654779,69124.14671197147,71325.93559664027,73556.9039799059,75789.96826792305,77999.79953718501,80200.88431330006,82415.53237832346,84690.04739433648,87047.05455215988,89503.75746539868
Antigua and Barbuda,79422.60875911175,81007.16946345242,82701.69849173012,84472.10203106073,86172.64932831412,87731.7777910402,89145.44404671699,90434.69674857383,91679.67368586265,92975.29778568684,94408.31027638342,95955.84886712869,97621.43603024677,99334.85112784512,101039.84242974354,102655.22186361362,104177.35177091509
Australia,14183872.363875464,14320914.086240381,14447539.559625113,14583065.207092352,14719128.768010398,14854235.237985969,14971278.518564995,15104263.368272796,15248411.761724558,15399150.948675195,15547594.36108788,15684237.752708899,15841307.27780228,15996555.843295597,16146213.771231256,16270647.348962776,16434932.879152779
Austria,5657284.670935811,5683206.180412745,5719476.203144826,5754286.577196987,5781897.900842895,5801830.6804492045,5813714.593042948,5818955.890008123,5820348.316125747,5824201.940319834,5841351.675360464,5789492.971433875,5836558.073500131,5892082.436229618,5955238.308056783,6033800.082712023,6110946.574396906
Azerbaijan,5857350.342017987,5952643.405038046,6058051.134376344,6172302.4114384875,6288866.983548242,6406604.833598104,6524327.517010037,6630353.099575052,6751580.18871969,6871914.240012442,6983130.004637571,7088926.966302075,7197131.072506546,7301908.65767725,7400059.373544932,7493785.455678978,7584248.250185348
Burundi,2047014.6916883676,2084034.6356116724,2121740.8545326176,2159170.2405411047,2195199.678219752,2228974.8525038757,2259999.4493407067,2288834.347215688,2317536.3478538534,2348751.313109885,2384269.561185688,2424938.6718848604,2469753.5244186185,2516939.29316787,2563675.2587583833,2607876.5996994097,2649056.0208566794
Belgium,7936780.524777852,7965753.34549351,7997151.497177471,8030013.892984189,8068407.448362606,8112908.067831773,8161047.43814149,8214192.135265429,8271233.28553292,8326703.539448007,8381842.928905534,8436360.942980396,8487468.080109,8540801.849821523,8602954.893545382,8675032.123871103,8748300.008631473
Benin,5757256.963649764,5939882.325427132,6130799.888850734,6329262.032662457,6534122.987203094,6744579.315877503,6960297.535410494,7181596.258335766,7409090.115977195,7643671.560172554,7885929.760300304,8136099.483296554,8393789.482830627,8658206.48676565,8928245.156610567,9203105.593359169,9482496.539470073
Burkina Faso,7281257.744175604,7506893.277828193,7743888.454465285,7990895.175052211,8245609.631095553,8506414.457532886,8772888.68766204,9045767.247549646,9325982.233996214,9614882.49444027,9913357.90803679,10221759.422194736,10539496.856432442,10865312.291267904,11197464.681939567,11534708.632254861,11876582.96678021
Bangladesh,72897333.1466619,74165708.34936176,75378663.96170907,76556032.75317472,77724941.65507483,78906173.2674629,80104673.22202942,81315704.18074924,82535626.41003963,83757621.58957402,84977075.17986897,86192777.30087988,87406153.31658411,88611840.95171161,89803311.975932,90976015.59353471,92126316.52391227
Bulgaria,8478013.384331878,8409597.19224009,8385428.642090711,8385601.092493483,8386963.980768397,8402342.367056476,8422962.004062833,8436972.177185109,8439673.770435486,8433263.9653012,8428384.160511756,8418918.719910111,8383660.013491228,8366839.440539298,8355199.61737985,8348532.893887082,8338435.75135045
Bahrain,554649.0113908582,566046.5247108242,577445.8419839134,590161.5294305177,605860.2564965549,625555.197399001,650011.6012639891,678307.7800095695,708128.782016756,736178.0516480621,760120.413260885,779023.4789812329,793710.9010659324,805395.2489164638,816158.3935239679,827491.9107867489,839686.0862524117
"Bahamas, The",341153.04852628446,343828.1688996366,346464.24896438984,349161.30736068264,352176.7112850032,355584.8819241586,359237.596724001,363020.99554721767,369432.27127288486,375840.89653662476,379906.5308282406,384209.6845502302,388749.3767363214,393230.5640195613,397608.4730130975,401804.41630326863,405770.36534057435
Bosnia and Herzegovina,5701114.012649949,5624537.231028319,5537927.352889634,5483472.05628032,5431578.692038948,5384307.807695487,5340937.884401365,5305509.717625992,5278497.586103362,5255016.147249286,5228560.853596001,5198321.70574556,5166613.012293627,5134789.405373491,5105943.058604498,5086275.7407504115,5065452.885745215
Belarus,6179164.872913315,6152609.93162762,6126274.110228148,6098072.741693264,6064398.504356794,6020224.266268477,5976399.0542057175,5943758.16740369,5916452.317646153,5889923.542243549,5843848.9801777955,5796957.576167563,5770610.325740044,5750511.008932297,5732412.902722385,5712880.44130666,5687498.01488552
Belize,77738.27791565664,79840.63966356439,81943.85943205545,84060.03439054289,86208.64182991917,88404.85730019967,90647.7593206185,92934.73489533461,95277.6226614225,97690.76357751714,100182.73447857995,102760.63793319922,105417.5603200529,108131.08510553061,110869.79597232018,113610.95283531964,116345.73701360999
Bermuda,42670.96799908214,42886.384213264624,43121.90501170634,43325.43353584413,43528.381937471466,43706.08581988521,43844.04539255895,43975.43681181738,44111.25994454272,44310.06252634359,44667.6003176284,44860.60391950862,45034.72571761847,45142.580293767234,45290.26806746385,45441.94563078782,45666.5154259136
Bolivia,2852398.46649616,2904163.483963579,2954387.542337378,3003487.5416782107,3052092.7114014598,3100660.1485504936,3149319.774645121,3197936.0424506343,3246374.4552471647,3294403.8338107914,3341945.3851391454,3388823.654738318,3434974.9624102707,3480611.391281183,3525824.183245829,3570665.3395678923,3615121.676466448
Brazil,129298339.20742509,131009958.61436148,132727727.9031195,134447006.68115023,136159016.78116485,137857458.68995878,139539709.47662288,141207178.46754614,142862335.40758258,144508663.17944086,146146808.92374152,147777374.27113867,149397381.59206262,151000353.38238797,152578114.33402553,154124409.1082278,155636901.73954743
Barbados,80974.55996067825,81477.33278924251,81919.48468249981,82311.4878931391,82703.83444979836,83061.64910759346,83344.98551226594,83584.34801182456,83790.19281822612,83959.12407519354,84104.85397979373,83924.99694208681,83685.14137959946,83463.25061283435,83050.65953314194,82605.47528868911,82268.66008183421
Brunei Darussalam,269743.5478821215,273805.56837798015,277858.2881796522,281916.3141559953,285996.16341659665,290110.7586778716,294261.7786493176,298447.25228701386,302671.954405342,306938.63377455086,311246.13042492355,315595.9652849616,319982.12369091203,324387.209088112,328786.25768104324,333160.51924543106,337502.17103442585
Bhutan,553800.3878850089,569067.5860790208,587298.4199452901,606949.2694624158,626916.2503309146,646300.2195007672,664737.6051833901,682317.8663224381,699322.223588736,716208.717802797,733255.2357389114,750483.8552571869,767641.2314665861,784667.6532340826,801607.3099435538,818466.7222566251,835473.8597552518
Botswana,1466138.5150579363,1501793.0479424102,1539925.440881059,1581562.9299547898,1627969.815536543,1679777.6023118168,1737989.314824066,1801678.9767917215,1867201.9843358463,1929523.113787048,1985232.1607611892,2032396.052465914,2072445.9832763127,2109450.5896733305,2149335.505176571,2196177.9237656477,2251516.1246789875
Central African Republic,804198.984703923,824233.781633524,844500.3160517042,865181.7130798297,886508.3483426004,908655.8575558151,931694.5441050582,955621.5674292947,980444.6877822309,1006142.8017865403,1032691.9222317754,1060116.792061274,1088414.3195640624,1117492.0989572324,1147225.1472237376,1177519.5679886292,1208337.5889638793
Canada,21097477.0287247,21340487.229781706,21550175.245565746,21751917.403536163,21959949.370787557,22225929.042069532,22557440.44138638,22819705.930062875,23192608.06950178,23480853.2918737,23685059.934048686,23889514.062209513,24162056.570353705,24460781.295787897,24749067.67808326,25026962.45035977,25334532.301475707
Central Europe and the Baltics,65085282.555414364,64702627.419406414,64200862.77651153,63990254.19634936,63826107.92539893,63670054.605995096,63543490.96380247,63237834.649440154,62837475.64665621,62775018.27734505,62695151.891756915,62607939.77810818,62537104.298441924,62468370.95135059,62391185.13341525,62289291.057730496,62159300.83327193
Switzerland,9516067.285694055,9555345.27996698,9600219.25366716,9647779.874337867,9704104.104016671,9767655.917391347,9828536.842033736,9887185.904574139,9946325.932477463,10003612.738753406,10063789.214114679,10129656.897454454,10210234.679349722,10320719.57264926,10483144.885489974,10621109.790750228,10752003.685196849
Channel Islands,59657.13381656527,60154.261526487695,60663.80521393137,61180.21884947885,61691.94180177093,62165.958014156,62653.16139741831,62986.901154452295,63456.35794805631,63965.552872291155,64573.4534695319,65212.62845644799,66469.97298958429,68492.19661625128,71678.15417155498,73902.48527370553,76074.0407360383
Chile,9566148.951895181,9687033.911526402,9803543.191190287,9918098.24677499,10033261.882338168,10149973.220028557,10269140.968822943,10373376.324778803,10500474.875953516,10626225.660249928,10741498.882511336,10849650.378726251,10965572.514725838,11078865.98275407,11188971.77417013,11295478.048488375,11402149.264698457
China,826396210.3976655,833500151.1287938,840315703.576536,846898424.1833428,853289196.8596901,859564941.9772297,865639279.7528427,871461781.0601138,877249544.0919225,883010506.8993717,888703420.5632708,894448904.4514052,900311387.8507105,906229812.076966,912184555.1818649,918079374.3529828,924060535.7560369
Cote d'Ivoire,12722435.637021795,13002273.064245462,13287368.130607065,13580320.776223084,13884290.819450859,14201141.688830698,14532701.301988835,14877520.534568198,15230436.323544318,15583435.159669736,15931126.2476139,16271646.693934651,16606900.45211285,16940341.427317377,17277317.145662334,17621811.197783608,17974359.563455768
Cameroon,8171599.213732177,8355508.885083477,8539876.880193653,8726553.92838077,8917987.564010734,9115595.407216351,9321118.226131456,9533278.451874517,9746872.121399244,9954610.835374204,10151741.309639039,10336297.093799766,10511060.064665928,10681985.344177801,10857585.921179995,11044199.856998151,11243523.628867442
"Congo, Dem. Rep.",24908781.768065583,25615145.06129991,26348795.998270463,27109386.987432986,27895372.573257916,28705790.68512444,29540012.326923627,30399163.640178245,31285803.549810335,32203290.508099306,33153338.303489733,34137385.33177171,35152691.881068796,36191644.99806168,37243974.11158602,38302165.32402635,39363288.95714342
"Congo, Rep.",1660692.338420172,1702780.6213767135,1745667.1902898375,1789311.5276042942,1833639.3996740049,1878579.752730479,1924257.4420982494,1970637.376296485,2017462.8528918205,2064325.6286359807,2111006.349900007,2157392.918340562,2203709.2981558,2250571.10115786,2298737.2848069207,2348827.4816877916,2401137.7842331254
Colombia,33816051.58298197,34233481.48363055,34646655.65351468,35055654.60159277,35458299.78123984,35855668.39783274,36247017.849111974,36624536.19353561,37009766.473652765,37395026.836654365,37777568.89434333,38161170.85855161,38549869.45832292,38937572.85644709,39319127.31238184,39693424.984641396,40060751.140879236
Comoros,345923.5821419585,356835.9607124342,368376.7202348745,380901.6075640133,394858.61148926563,410504.71382466884,428069.54316664144,447300.1891797983,467375.2121686369,487160.55964578234,505850.2229252327,523135.42296269495,539273.4885375045,554721.3677061988,570197.1117803935,586235.8570031591,602950.3230254938
Cabo Verde,374471.27027229447,376949.0632387435,378346.6180452367,378749.20134635386,379936.95093787095,381757.9752199457,384232.8463679587,387383.83814625384,391261.82489428634,394619.0889392535,397697.30163724313,400945.85714886617,404516.7957044201,407833.36545531603,411044.407266189,414209.20772707835,417391.71795120486
Costa Rica,2802169.828024653,2859684.505928916,2917638.124266712,2975353.0500947214,3031925.8794203238,3086753.693797401,3139522.4313901435,3190514.3353039725,3240503.869816345,3290591.2710367227,3341579.0752851437,3393739.283699542,3446829.6445551007,3500546.873440027,3554374.96376909,3607945.2289540437,3661171.865563387
Caribbean small states,4624956.070400588,4655408.463032135,4683432.940094408,4711154.392887692,4742044.920867064,4777716.914686097,4818786.207043523,4864438.497587856,4921595.764498029,4977124.111095755,5021932.961150967,5062524.929705595,5104714.278045883,5145697.660207586,5186317.018029413,5226348.81768631,5266052.694831267
Cuba,19732767.816287044,19807208.00321183,19900197.785061695,20006094.789191127,20115321.163728055,20219846.24444325,20316107.757744275,20421252.5722438,20521667.045917083,20595056.579751033,20653580.251377895,20628159.288632095,20680085.238634862,20751059.47966145,20822849.87501985,20890793.05976613,20971019.778016627
Curacao,151094.35337353888,149936.6716244232,148771.39439056616,148609.31089373265,148486.95148589267,148357.65304112874,148205.17052565713,148052.3347391408,147920.41345456385,147851.46395591382,147821.8181529092,147835.35031017874,147922.70549576488,148036.9100173478,148163.44348258083,148240.40037959718,148274.7181131571
Cayman Islands,49119.25067800364,51258.52079982403,53628.92045094746,56284.07820969583,59309.72948194108,62714.26298346794,66569.7490253862,70782.494072095,75040.54429641769,78933.37162194925,82174.43204026124,84634.90662717752,86404.06059064843,87690.57295723082,88786.69808556486,89933.69065816115,91176.05221725529
Cyprus,660307.1528305815,674142.4576347747,686605.6814603617,699343.0237466145,713240.286287236,728426.0410476357,744947.4668218957,762132.1301341905,780882.6245699299,800086.1684283466,819146.5188821144,839730.1284900247,861057.9772314266,881869.4982966431,902648.2195805272,923132.0725909151,942337.9751820128
Czech Republic,4171285.9271289855,4156315.293509273,4136670.120192781,4136578.327900638,4141420.4341048566,4142690.799414635,4140938.9459947175,4132359.289879257,4124660.182888821,4123325.2979554012,4120707.6911244313,4115634.544033925,4112083.6867765803,4125319.6919100285,4134279.2560021747,4123646.7593372827,4110830.832191589
Germany,60341367.41298032,60601050.088426426,60935556.387100965,61280723.064464204,61712618.09986321,62184645.51492778,62548858.138822034,62812478.22158597,63073339.6052645,63308966.236488774,63537082.00590819,63836857.55119157,64225548.61457948,64701619.59645398,65267755.00291884,66033752.08988129,66839743.66335913
Djibouti,840941.5862683344,870298.5223649153,903849.2128122065,941584.2098649174,983336.1650694353,1028717.390269229,1078380.4137760524,1131604.086193374,1185014.5222080392,1234197.1383170907,1276184.8288594333,1309068.1569955673,1334225.7316520289,1356155.4256942563,1381209.0256333088,1413882.6456648104,1455900.065499532
Dominica,80201.5967503488,79711.43678390587,79623.01795496726,79762.18389150772,79887.86725274891,80111.1454057319,80365.40414841092,80546.83727573264,80628.95717313093,80669.77300040616,80822.82843357734,81023.82898050827,81087.30238700747,81300.53329993479,81554.0845683569,81799.03228650414,81961.5246470094
Denmark,1685046.6622035755,1702597.310099929,1721754.9810707592,1741523.5861606933,1760391.8513752595,1777614.479578645,1792295.9267610032,1805156.5948860089,1818257.3597985818,1834215.6005853557,1854922.1622038528,1881457.2576587587,1912062.9461418297,1944328.349293524,1974538.840157232,2000358.6053589685,2020567.1786671542
Dominican Republic,3247724.982406769,3293062.346293687,3337414.5985757182,3380681.433308066,3422770.353900481,3463631.8868395537,3503172.6907421,3541431.316631349,3578657.3451422695,3615200.717644365,3651307.9772804016,3687061.669099442,3722375.480001129,3757107.8550210223,3791036.5081571154,3823995.567675752,3855947.9255489986
Algeria,15789636.003341585,16009703.807721704,16222605.02029686,16435372.074421167,16658359.37021374,16899252.11663259,17160648.957870472,17441165.74994428,17738250.29770902,18045923.991885845,18361232.013073377,18682613.230717614,19012190.330197033,19347786.330765143,19687468.003814995,20029874.8073954,20373416.34753162
East Asia & Pacific (excluding high income),1087959940.1701567,1098445936.9189072,1108265152.0153167,1117801081.321412,1126957875.7040608,1136482969.816334,1146327818.0605803,1153788106.4892333,1164869684.6363578,1176069415.1644435,1185949420.8583145,1195435754.198458,1206212126.1700144,1217050590.6857426,1227434284.728216,1237663827.5365672,1248229530.6498537
Early-demographic dividend,948240229.5764754,965587202.8633448,982883292.9885541,1000146855.3885306,1017413949.5044941,1034709464.4053687,1052034575.2255158,1069375402.3468615,1086719332.6271055,1104052081.041175,1121366035.9877954,1138645465.6171622,1155891236.1821315,1173132481.1741579,1190398003.1159635,1207713405.5493944,1225079972.2653506
East Asia & Pacific,1136879229.7898996,1146965388.4009433,1156449131.9185295,1165573587.7161853,1174381202.92926,1183352775.5706444,1192273585.2850852,1199843896.7275188,1209086382.202599,1218376934.0008733,1226990209.362522,1235453073.23605,1244619643.9636703,1253892788.744932,1263017631.7936108,1272066485.2525325,1281473431.0175812
Europe & Central Asia (excluding high income),364700304.89749354,364630694.4953825,364531323.3957028,364595939.61329055,364778661.7889078,365004840.59981906,365272295.3918583,365706157.8768943,366405358.91075236,367384452.7782754,368016675.4257659,368942654.41067004,370010696.7042539,371204238.7029779,372409277.8196276,373644757.6868807,374946235.41488826
Europe & Central Asia,534744875.84420407,535773959.40825355,536838702.7847537,538332101.9257374,540003082.2125702,541671345.265811,543385208.7708904,545215454.6793078,547271595.9095749,549540055.46956,551849419.6449671,553568418.2281306,555998091.671812,558788437.5326327,561580173.3655958,564334287.4907105,567116298.5438895
Ecuador,9321659.672790907,9472084.777981736,9623489.59674107,9775264.074854825,9926584.04477115,10076901.011619527,10225881.140002878,10373807.5720676,10521480.686091933,10670052.537475554,10820333.356151273,10972554.638516694,11126334.525755558,11281142.677079521,11436145.077613262,11590709.054415626,11744618.262723556
"Egypt, Arab Rep.",21087175.162285816,21462553.25636418,21829860.32627305,22184732.52633286,22521752.024655815,22837742.506534953,23130327.869471744,23402249.412616607,23661139.16521055,23917987.646829,24180568.529172525,24451642.416183703,24729898.601954687,25012850.386935525,25296501.238400828,25577905.47442285,25856483.402776826
Euro area,216499524.83767736,217258607.37057596,218025360.09405553,218836784.5882591,219612136.49615207,220329148.33403835,220983185.71880832,221679100.36093795,222447348.16729724,223194846.38282955,223877292.93646944,224254035.00723535,224890244.50935137,225565576.56211144,226250996.6645704,226989468.11214224,227790674.3885944
Spain,41313683.487062864,41495950.14391974,41691598.87310346,41904450.23967965,42118581.26311372,42354808.62761107,42630739.58102688,42933159.02016063,43169432.45513239,43310236.09289312,43402588.63416458,43397229.895749554,43447413.128826536,43518136.737263486,43605635.79829128,43710627.66241054,43942401.016085714
Estonia,1321629.8746922025,1312039.7449427678,1303554.9560017448,1295732.7303120794,1286929.8793802524,1278093.8324417092,1270177.8277069777,1262593.7564611693,1252949.0309367669,1238599.6159454603,1220732.5725035435,1203739.0370872992,1189673.1156531067,1176453.5984557536,1164607.8553124536,1155653.7109015395,1147805.6662311556
Ethiopia,51248369.207449876,52603667.19467488,54010738.150176376,55460418.00950563,56959611.48709878,58496066.62102386,60064063.26254682,61671578.79102405,63337946.04154572,65072713.05333093,66896055.71806765,68821478.18344772,70839845.75568302,72923872.75371926,75044413.7352643,77179271.15088077,79321788.81623961
European Union,322503317.5234088,323602455.17667156,324887318.7402367,326245779.40656817,327597845.2852097,328852103.41979486,329960220.16760147,331167783.17872757,332306720.9624825,333097931.4827175,333722058.1753605,333355641.59964544,334034280.0057047,334991069.8103482,335931257.70659,336785828.6741384,337752415.77712184
Fragile and conflict affected situations,161097578.48128694,165600663.77698252,170185921.49852565,174960110.17851442,180067127.91682363,185598560.22296378,191611896.3956694,198045240.12723535,204720500.1014105,211388738.410334,217874319.7070122,224111319.17631578,230160800.6545202,236133545.94230583,242199126.3306221,248482691.45022845,255015073.8595047
Finland,895803.9592011162,908094.6295132085,918106.1415398387,926937.3508098103,936426.225967185,949037.2183197314,965230.2635210492,982515.333492623,996888.2245732822,1004117.55349097,1009032.2399855909,1016107.2764485558,1024312.3003006702,1034572.291617431,1045736.1994926737,1056650.616097907,1069405.8072833891
Fiji,908383.9058147375,912845.8511115196,917252.6044722032,921536.6704178419,925794.7381921886,930039.2234974528,934171.7626512666,938275.1325177047,942512.6883874644,946876.1353417432,950395.2878100022,954714.4224642869,958906.0704501687,962879.0875206643,966714.5005233226,970427.2512556649,974048.5057030552
France,39336427.61336508,39525408.88825253,39717484.03911879,39900034.69993564,40067005.17077762,40215184.57104029,40341739.59942841,40483276.07631859,40646689.14822942,40813719.24119099,40969836.15921433,41063109.55950667,41207501.76207316,41360619.56634824,41521408.60938514,41690379.96653716,41878060.88702834
Faroe Islands,28871.78359996527,28983.779840401297,29031.573400121524,29047.386376187063,29078.085410670537,29167.60263284792,29346.251498724607,29622.702198027622,29958.56398209588,30355.50347010542,30742.736691775557,31148.84447164064,31628.23992531043,32114.320120029097,32553.482227946413,32910.016582156895,33158.50212400183
"Micronesia, Fed. Sts.",105012.86009997892,106874.80407193271,109124.19455482271,111725.46881465992,114608.05001658943,117708.71498639832,121092.03713407737,124691.93666474365,128381.19904517783,131996.2672850452,135418.5283952935,138593.943447093,141546.89041651532,144395.065569798,147173.56871945792,149997.1226133976,153107.42069585825
Gabon,768407.7126310692,791088.9699574595,814920.102257684,839872.3976424028,865870.8774376465,892856.6848971761,920836.4493495256,949831.2217066064,979807.8681558381,1010720.986517495,1042531.8714823128,1075230.5472748526,1108804.9385224357,1143211.6324395158,1178400.8100866694,1214337.000629921,1250998.6607956202
United Kingdom,34897352.0212225,35040020.042204015,35170249.37311996,35278599.06983078,35372882.92437239,35460598.341334626,35541653.73133515,35648230.59060471,35788590.35289924,35916723.15744083,35990396.62050778,35840158.58127481,35986352.305046596,36148507.67176662,36343756.22300051,36616251.83128657,36916370.81695267
Georgia,4331155.267715546,4293944.301189279,4261189.170716056,4238584.597708297,4220372.915096704,4205773.482502144,4196288.444263397,4190543.9611940766,4184800.5004504398,4191873.2191725327,4182702.9271674096,4177266.054282774,4179246.5429535443,4183753.1891555684,4185172.1765406057,4191918.7784960014,4196141.301362617
Ghana,11397425.49779105,11626897.195329206,11853884.156973382,12080547.475388134,12309727.107436495,12542872.211157577,12783328.336169746,13029394.539775394,13271535.566675989,13496652.988962824,13696598.026398458,13867041.880111229,14014253.31696767,14153687.93626271,14306893.111606175,14489560.73143041,14706930.466620162
Gibraltar,30450.1677547412,30425.34982672822,30631.127020742606,30956.83288972649,31257.68908461513,31618.383374652592,31983.52928255702,32311.20253942063,32588.4280969979,32822.24545029938,33076.3327692291,33341.045740036985,33585.90909618435,33855.772906662605,34148.40635714661,34446.7239196659,34734.365174631166
Guinea,8750112.184782956,9072466.709648147,9426424.446980102,9791782.430302812,10142804.050273357,10457352.529077832,10730529.922165768,10968262.472500212,11180012.90083076,11382425.878808355,11587874.496081742,11798224.214249415,12009096.345013706,12220526.847672688,12426099.131864173,12625729.96395465,12817880.332022
"Gambia, The",938870.6011454554,964863.5813704685,992226.5754209273,1021216.8377479257,1052320.3721005647,1085646.7075343877,1121551.9969637438,1159768.301613469,1199685.122847597,1240159.8695801932,1280668.0599697009,1320695.5643799151,1360679.0848503811,1400596.203648647,1440980.603703446,1481814.9707744538,1523524.0706907506
Guinea-Bissau,880955.5611462543,900910.5716968232,921071.8730585438,940969.4146246588,960059.0169237411,977933.476731609,994413.5228454609,1009777.676539305,1024842.2940488129,1040671.6121727144,1058033.222546591,1077234.503503968,1097999.2121322541,1119949.5479835102,1142414.3218219501,1164897.4792685944,1187325.036031207
Equatorial Guinea,477719.82621732913,482433.37836942455,484059.57015055337,483146.81897725805,480436.76759199897,477083.86946647894,473113.2194067519,468765.6063974972,464941.40428728354,462404.8381823013,462179.05787392997,464619.90770217794,470194.8818105856,476396.9179994777,483081.5739325944,489316.63694249134,495315.66376489785
Greece,5895390.511176187,5945838.205219892,5994651.82078168,6042807.145068809,6091999.556039552,6143275.1658141855,6197208.180588648,6253391.056989637,6311580.87714349,6370830.728005647,6430751.685762359,6491138.739869547,6552401.185687487,6614744.331469253,6678774.683364275,6744804.703886961,6812904.874790355
Grenada,43056.63061591212,42833.97197912493,43852.297424675315,45542.09675136732,47173.600315099175,49204.15363809324,51387.3957328089,53504.14056472754,55498.921513081266,57377.8500387456,59557.19231753815,61866.585638970966,64029.737334387144,66374.48709141681,68851.0056973501,71335.05621464064,73734.68279067431
Greenland,48209.18789652323,48230.175410948046,48240.19414212449,48262.33210226998,48317.91177037549,48416.694521164856,48543.00439814788,48700.63920555157,48886.37698330791,49080.65788846322,49247.15988968186,49430.660167589864,49649.30649836284,49870.126239825695,50102.09701178662,50339.58294419055,50547.1820115063
Guatemala,7130611.073904856,7264543.892277439,7396995.1775343055,7527954.543241664,7657551.167282636,7785921.904048155,7912944.538257238,8038645.639129945,8163541.501177086,8288337.621266139,8413536.566340333,8539322.57404956,8665590.19068399,8792175.098700646,8918789.39025793,9045219.608454913,9171398.896010034
Guam,38979.6469683442,39596.56377810798,40203.095335410224,40805.21624627106,41410.350965179576,42024.22765807369,42648.689959547795,43284.5789382973,43934.95760430337,44602.76275098077,45291.59125316587,45999.88296342114,46722.50512362819,47456.43840681059,48192.39271986908,48923.24991952369,49645.97426316998
Guyana,1117058.4954632279,1118314.2597807199,1120748.110634704,1125156.7567271325,1130529.1391503986,1135389.0178299071,1139558.5712886415,1144843.6155661943,1151106.3289910622,1156348.489990126,1160936.982668395,1165034.7645071356,1169671.836859899,1177827.084886024,1185242.6253427397,1188523.342345274,1191399.205457058
High income,501246033.49540746,504845790.45141166,508447758.9341953,512059686.92948514,515733604.08982843,519465907.2055396,523344315.0376653,527334791.86249435,531865733.9213232,536150404.175436,539896498.6803718,543100583.6288757,546814255.6867155,550602467.5593882,554470838.1285477,558250222.856051,562041685.1367621
"Hong Kong SAR, China",9798547.421078173,9865173.546859466,9928243.306900263,9991096.862897333,10058540.597226348,10133727.595672494,10218343.55453515,10310976.522442488,10409204.396100035,10508528.731949925,10606155.585912095,10701183.884041369,10794689.150170192,10887084.944116833,10979707.257483087,11073467.57341294,11168231.666354137
Honduras,2751527.507381834,2819452.6376334312,2887877.743474599,2958198.8349495023,3032300.5118781556,3111341.1878750087,3196279.331699609,3286244.065311398,3378325.518518431,3468440.7911342694,3553868.522488245,3633421.5257261856,3708329.273666385,3781323.951767068,3856298.451456312,3936125.863452228,4021612.385591282
Heavily indebted poor countries (HIPC),167180691.55363938,171617504.69871375,176224099.09470522,180980612.85196337,185852676.92878082,190815295.72255775,195865495.95705268,201015025.86247036,206277612.2435253,211673624.74997208,217215834.93149358,222908611.5753016,228749440.16122395,234733763.38854587,240850445.0772663,247094072.76549134,253465873.69480208
Croatia,3557111.1911655446,3517169.2469112966,3473051.001153543,3456704.204519182,3441845.0554939965,3426992.1980721313,3412414.0663581686,3394610.639707717,3377078.106763369,3364348.081661702,3349665.045412913,3335396.406511673,3323497.927136934,3312272.183417965,3301238.192948006,3289202.1693644105,3276266.177662147
Haiti,5926089.341605876,6045637.004052257,6165878.666667825,6287132.230828995,6409759.4255147055,6534013.660674613,6659933.083261764,6787431.260234374,6916584.956243724,7047159.640715363,7178986.534026455,7312203.575735344,7446560.810907049,7581172.1732799,7714889.961286371,7846918.2110336,7976731.471171504
Hungary,4209022.1709583355,4136859.0707711866,4060976.4862181344,4036487.773724905,4013589.29988593,3990492.4648798234,3966551.1096562683,3943169.673750101,3920830.9174328987,3900897.67854055,3881185.5620515626,3862873.491721966,3847317.0373810395,3832747.887304043,3818144.214288759,3801355.58718465,3782409.7263224786
IBRD only,1652528414.1538851,1675073987.8458984,1697273707.6784003,1719109194.5044565,1740474852.8708107,1761404298.1883297,1781848542.4836357,1801490324.4385147,1821241688.467586,1840840709.2352138,1860213454.0967593,1879524646.3628786,1898928239.7686336,1918166513.8113694,1937011268.3194826,1955405033.1772716,1973357605.6223147
IDA & IBRD total,3594932749.828693,3640226998.5324287,3685603481.7468004,3730925504.8851514,3775829304.3983307,3820095248.8863363,3863587180.620135,3906457372.6976852,3949247147.9925666,3992649240.835951,4037049783.1933656,4082612464.480444,4129162188.559289,4176287079.336795,4223364533.8620996,4269926506.8005214,4315880217.343777
IDA total,409001576.1449294,419439276.9727903,429970473.34411335,440743445.3501611,451959511.34601057,463738118.47712094,476192327.3478799,489217118.8386395,502450528.8967939,515394486.9541638,527711735.81305355,539257334.8662167,550198937.0384183,560900991.7045643,571887128.6844922,583545502.3983527,595992513.1506107
IDA blend,198308163.98620537,202593226.26583272,206940243.03953868,211413748.7664498,216094895.27799982,221036941.88328388,226268790.94209543,231763051.34365007,237451974.01682478,243221872.97215298,248991744.61868212,254743604.91763884,260489498.7982234,266223601.6070357,271949052.28588784,277670781.25379544,283371341.89256465
Indonesia,153387673.50018114,155391854.13292688,157342340.7202323,159243228.66721222,161099085.52908283,162915370.50544044,164688642.01985666,166420661.77326757,168128835.34684163,169834379.99041277,171548650.76323023,173279253.147832,175022169.7076466,176765402.24469465,178491449.43470788,180187128.06578097,181850056.1701725
IDA only,308037983.0629593,316405407.03325033,324937023.7474796,333751227.15381926,343006600.377282,352802330.45559514,363205879.22445244,374146862.9747254,385412475.41866595,396706277.72601855,407826393.0191106,418684982.4360069,429348834.7535645,439965017.91714996,450743371.222108,461838981.5184716,473290782.18184674
Isle of Man,71279.15357409517,71582.77999271764,71881.66765537465,72175.16406338886,72459.54403279525,72736.95667276465,73049.75488817638,73406.42765331383,73775.70701339385,74175.89362556535,74591.87548117863,74998.43801056131,75418.70883914323,75882.65112764829,76391.17274457646,76909.0147882716,77480.86496474913
India,609082348.166301,619730515.9718316,630430112.9875546,641186565.1429511,652008853.8624341,662902995.1137953,673865802.4500653,684894426.1136981,695995761.6933738,707172014.7568936,718424927.3974117,729755330.5780221,741149157.1774492,752581838.4766828,764017584.494484,775429928.2145753,786801898.2461481
Ireland,3439620.8349703755,3475175.8735325336,3521042.243661266,3572573.644806364,3622756.9692383427,3675164.7652187417,3731658.847228083,3795230.0213936456,3854647.2787664933,3897224.594393758,3928037.1666807085,3952879.797366468,3967240.401974757,3970211.457698405,3974062.43176037,3984958.1525160554,4001362.0009597023
"Iran, Islamic Rep.",40026343.495303005,40850274.068356164,41751983.46989107,42903541.97690386,44527848.76106977,46768851.01354481,49690357.674005315,53198179.63626721,57078637.143423416,61030615.58888032,64821013.25849135,68388218.97931516,71752285.70388767,74866914.0683053,77698901.38955708,80233527.61661072,82429050.27774346
Iraq,19218334.966534875,19670586.488201585,20132328.324132264,20604952.334631328,21090152.966316678,21588931.712845188,22102296.994316846,22629370.89264208,23167205.14881842,23711548.495660506,24259426.72972937,24809739.9395605,25363431.825551968,25922452.969191194,26489549.054489546,27066897.20848192,27655214.50772841
Iceland,271508.84234073537,273230.5599390743,274924.87894406175,276680.3204726904,278593.9872445385,280756.51899151993,283060.33020440454,285213.71296487877,288740.2431462086,292348.9222194884,295019.53077415534,297725.5909580898,300682.05111111945,303592.6917032177,306318.02725495107,308803.4199356084,311280.15635707916
Israel,4407624.676656057,4461543.273469547,4513707.165660306,4564289.212274195,4618721.029366542,4674478.62773226,4733313.08001932,4792993.905078437,4854497.665640046,4915542.934040517,4977426.257329138,5038660.247839846,5102456.497225199,5165658.750825589,5230863.073193458,5294752.403239074,5355759.948574941
Italy,26507900.533124108,26461260.359383967,26429421.72342738,26451611.89862351,26483800.141553536,26526203.477402445,26580289.43189513,26644858.16778908,26733099.940522186,26815381.03900734,26873746.176709075,26924785.25250202,26969639.392715365,27007848.000679728,27060627.615592804,27129548.195203006,27206468.420389652
Jamaica,1804951.3878962363,1817298.537909372,1828054.8630682337,1838086.9736520064,1848603.1520535105,1860463.082040337,1874011.4107671385,1888965.8986845468,1904883.016968058,1920993.2061147895,1936771.6443890193,1952083.1649343357,1967095.7274890414,1981903.901666154,1996695.721892608,2011606.2609340057,2026614.0441602771
Jordan,5935651.7044997,6067909.963441387,6208210.285744409,6356007.495271064,6509855.26365592,6668799.434809749,6832896.886220962,7002869.5907061985,7179046.080413552,7361902.973605854,7551438.242493376,7747764.032226303,7950631.212217691,8159583.376758499,8374048.9273423655,8593441.723209253,8817578.579363737
Japan,121707046.55247758,122215173.39622968,123265465.72780678,124626822.21943048,125955045.7997042,127265825.19728576,128580653.40993327,130028794.11499429,131298839.47973973,132020407.14446612,132398858.69341326,132664418.18743,132686375.64590776,132396004.7730161,132131765.89999002,132063596.51104337,132161499.7757518
Kazakhstan,27399873.553775392,27188411.40137613,26977433.9496585,26770019.190925088,26542453.33963968,26278633.36093004,26028133.088956274,25823175.029673763,25638202.21404422,25451293.934720665,25161955.928295102,24870840.18156323,24696787.431287296,24552338.824655015,24391596.88895128,24281402.58084786,24149761.549137525
Kenya,24614016.035233196,25187456.373566464,25776932.32267271,26386309.2234494,27019829.64408759,27679889.430619895,28369607.087336753,29087001.36636527,29823527.78132606,30565987.859336864,31305493.887943286,32039010.77287066,32769752.55696376,33503482.94988016,34249052.33099731,35013143.401336364,35796643.65578825
Kyrgyz Republic,2641622.791523652,2662115.42220645,2682563.1179952635,2703366.151836716,2725695.8642765684,2749812.5213154573,2774747.367832758,2800007.6567357746,2838580.978015532,2877266.6088533234,2903551.6186528085,2931543.951597238,2960001.6503253854,2990167.1276763836,3020784.0625477135,3050860.4190241853,3081433.4058434293
Cambodia,13327669.382669538,13675655.170109306,14106158.821555912,14581647.374698162,15043243.192292538,15451302.19759969,15791793.40821159,16081028.247828484,16343672.192144405,16616834.941366153,16926819.04686071,17280541.817443613,17668889.122167453,18081354.547003195,18501810.691088673,18918463.95736493,19329285.606450178
Kiribati,56287.80799838443,56956.58878342619,57572.95247809093,58168.042056349965,58780.45884823109,59438.85822272313,60154.630346275364,60917.98683278647,61696.92868229939,62448.68679823373,63146.099151456925,63774.546472485425,64347.302573079374,64881.13546854576,65402.989334090475,65933.25080757236,66472.25270547403
St. Kitts and Nevis,-41273.785211796225,-40820.64099012528,-40570.286957781595,-40439.303523507835,-40268.0733045582,-40118.28117816368,-39987.11755024413,-39851.08655574146,-39629.85256801585,-39274.2380059202,-38928.308785807174,-38588.6900265781,-38356.15353184973,-38149.306582381454,-38002.083544906185,-37884.355969852855,-37767.747352438455
"Korea, Rep.",43554977.05793776,43755576.91314236,43950395.343846574,44163774.332961895,44373321.60550037,44579196.32274601,44772428.80023701,44975413.63393062,45177913.22583255,45366533.96112606,45545200.71785296,45673658.21585575,45859202.909590855,46052365.38635732,46242384.68447021,46426262.18971958,46604846.35560892
Kuwait,3674385.03157504,3737950.0996053843,3778985.0104625667,3801885.5340160225,3822791.8598409416,3851498.9463191433,3889125.3561124126,3932068.4316494083,3980253.3808135046,4032382.380525307,4087591.980185136,4146235.6993230954,4208612.824388651,4273773.070889862,4340307.741970403,4411663.889652177,4484343.631491653
Latin America & Caribbean (excluding high income),383972196.07955647,388775260.6573076,393560794.95908636,398312894.0573958,403008154.0033995,407631793.7450074,412173668.9233241,416643935.99600065,421072364.1685245,425500477.3766842,429956151.96465576,434449650.2320852,438966378.2614961,443476889.86125016,447939191.61692935,452321641.3458647,456614305.361415
Lao PDR,2465573.2685902193,2521463.5199315464,2579959.4028019276,2641798.267335692,2707742.0267685982,2778339.647677959,2853713.205878458,2933756.300959587,3018407.768573555,3107457.4112085244,3200557.7241775068,3297788.0040908307,3398580.5845061904,3501061.810947721,3602790.5899150893,3701967.848606117,3797897.398975073
Lebanon,5806509.813053108,5835614.819209857,5882802.975781291,5932948.829133917,5975490.790783433,6012750.0508601265,6052392.0665080575,6090623.55930609,6132902.616573442,6176022.393447685,6218267.252226362,6254298.418546445,6286208.352057807,6324560.000582667,6380714.036301218,6453479.214510889,6534060.790089013
Liberia,3959207.5479768803,4066694.706357061,4165316.1860584905,4260924.911141303,4360958.104086438,4471189.024946211,4593445.956485655,4724836.92742299,4861593.888789403,4999111.394733431,5131839.578414346,5275120.4033399,5392568.958732904,5505022.4495613575,5614823.400696173,5720743.671587031,5825789.365412574
Libya,4703268.90634565,4753704.253852477,4803027.709760591,4851915.601391123,4901195.296102768,4951527.6942048,5003110.683624752,5056270.464002952,5111923.2463064585,5171162.041264682,5234691.981722678,5302900.178875345,5375404.597240737,5450946.333141733,5527776.689347522,5604508.191764676,5680737.187030893
St. Lucia,58263.08472549931,59336.8878467561,60408.191511261524,61472.25016101135,62520.953354901336,63553.56570644936,64567.27895921808,65560.70662992123,66542.65917159933,67519.9631509291,68501.24473909049,69485.28000702945,70475.05782276132,71465.80577827126,72453.14859677889,73434.07346185058,74408.56258183018
Latin America & Caribbean,398116115.2686301,403119634.7678089,408103370.2257801,413050422.408935,417936104.15046114,422744761.9189633,427465737.2830025,432109455.45080507,436706641.9380465,441300283.59345275,445919280.85715777,450574279.16095555,455250149.45489943,459916901.7533362,464531841.3906976,469062645.617589,473499227.6898007
Least developed countries: UN classification,263229389.19576976,270481059.48212165,277897395.6810762,285559773.2110665,293575067.64649814,302008978.9963557,310910024.18439204,320228023.8879039,329808671.292525,339438025.4796598,348964607.75068927,358330190.1815161,367589460.32090485,376844790.30536985,386249644.1837679,395918936.94030607,405882756.2494136
Low income,205651131.59818843,211416409.46639624,217476164.3673802,223869040.70644754,230631046.28791636,237780827.71456873,245352619.82228664,253328246.5349039,261605521.21614987,270042238.17907816,278537289.2681399,287051060.78383005,295614796.642226,304287372.56700844,313160056.79822195,322299629.03168964,331722145.1388173
Liechtenstein,28990.27231128861,29178.064404540797,29492.868307843382,29611.7191504052,29753.53780771512,29930.715833216516,30168.652925666862,30331.732962654176,30568.414635163936,30690.21964725242,30926.155448924157,30856.670538756363,31002.61878844259,31184.399396808436,31346.59678590865,31536.8073607999,31669.450049507235
Sri Lanka,9574714.891940933,9652509.831561022,9723812.20544007,9792469.46814407,9860205.805353878,9924740.441583477,9987953.371791443,10047531.96577671,10106973.891491843,10169061.75946104,10230269.954593092,10293049.618371597,10362143.82403788,10435997.505232736,10510398.815785035,10584291.819988582,10656979.613770027
Lower middle income,1525227589.2109902,1551286855.296938,1577522115.3924584,1603941820.6598256,1630549946.1486912,1657348900.9993198,1684328653.1285403,1711492459.299024,1738876227.3253355,1766496835.8455667,1794371533.5137722,1822508158.7893412,1850846395.9497194,1879278944.349112,1907643793.2010179,1935822837.9232883,1963746229.602436
Low & middle income,3867641886.6628933,3917100755.6982613,3966581666.2963514,4015886300.239234,4064578016.4866314,4112381935.9815307,4159145936.075786,4205056871.644624,4250764339.208115,4297124779.414081,4344629910.685674,4393511815.482905,4443540389.735885,4494225336.73843,4544845231.032513,4594849856.840181,4644122531.593323
Lesotho,1043838.3042336685,1059100.4739663946,1074420.540289231,1089823.558363003,1105311.48858999,1120847.168948832,1136626.169377616,1152585.3640961088,1168110.7811076955,1182370.6461236547,1194859.4593069649,1205210.1470135706,1213818.2837433398,1221863.6828138467,1230993.9179980624,1242357.751906671,1256399.8067935125
Late-demographic dividend,1186351083.84219,1195824194.538798,1204720609.4469838,1213165859.3154593,1221330678.8702495,1229452439.6736364,1237297514.3170912,1244777147.1239073,1252218129.8819911,1259581221.7019248,1266845689.6721144,1274138663.869663,1281616145.2247818,1289212056.0204241,1296958157.1879067,1304700885.333646,1312776703.4660425
Lithuania,2293187.495012197,2287403.288711312,2284881.223936549,2283916.418579419,2286459.5611382597,2290721.8646778883,2296522.927349385,2303315.00778225,2311326.113854303,2336303.420679907,2348457.114018227,2361899.165871831,2375977.0978122186,2391235.072577493,2407504.1444885177,2425889.1668399386,2444997.419237532
Luxembourg,262941.2279948436,266775.8936126095,272320.4812202144,278226.6392365263,283564.86681203847,288336.45666250953,293162.52393229416,297513.129038135,301720.4653493354,305991.1474765956,310349.58368935384,314152.984217843,317607.10345772415,321317.9988767086,326171.6553847351,331637.7883031533,337483.52005464124
Latvia,1744405.103177003,1732107.1487640631,1720083.277622552,1708039.8957895099,1696888.2952376027,1686459.7676605864,1676071.958041936,1667994.594438474,1663083.5986150668,1660842.608514875,1656816.0978844739,1651667.3279929752,1645657.6821615733,1639788.5751165538,1635471.5976306717,1636989.3353789449,1638155.3860794208
"Macao SAR, China",475835.10169051366,483832.19295489124,492192.85860491905,500999.12902856944,510437.68190952507,520508.24379525107,531389.0318365109,542944.8464776453,554885.6677853761,566641.3240986143,577970.1395644086,588587.047231094,598729.5747835047,608417.7243177695,617973.1929685476,627407.6364519072,636968.6920546412
St. Martin (French part),71666.04183742843,72793.38969471565,73924.4683900273,75065.74914778436,76318.57658927671,77694.86117992712,79134.13003312307,80702.49855931083,82465.02073117012,84252.0646366755,85875.74381296917,87370.02458331846,88926.61544122538,90490.59504255829,92052.39542571642,93663.46804898816,95402.79676916363
Morocco,20461812.399723463,20719472.061826408,20980287.868934333,21243201.602555238,21506457.907326687,21768891.76463111,22029929.910852604,22290285.2160157,22551562.16592013,22816020.8616455,23085102.090659875,23359300.644452207,23637585.771886222,23917909.956487454,24197439.21087795,24473978.130512338,24746769.83010008
Monaco,19168.481749652,19667.12381464028,20227.1892130203,20883.792516284353,21707.9165262602,22754.24287526766,24066.361411220423,25588.361485753543,27128.764209534274,28523.132813826927,29709.285203715513,30661.979047033994,31416.718815640575,32057.956645249695,32703.130559495858,33431.02259755981,34381.08023039287
Moldova,4892314.015398348,4874717.725906718,4852795.180033801,4830599.740489864,4809406.166160421,4788223.349464272,4769381.623484478,4755572.323841474,4745595.055552364,4739839.614219339,4734711.663595687,4726989.7476487765,4725101.004099157,4727649.069011369,4732924.754374942,4740566.425213881,4747371.667743299
Madagascar,7376745.635240611,7577801.150387098,7785281.056381382,7999869.229271147,8222261.6567095015,8452828.549405428,8692193.249684947,8939987.794845963,9194305.797760418,9452504.286906231,9712747.629019696,9974344.165395569,10237999.702871002,10505039.627612358,10777466.992227191,11056773.440208776,11343265.741805447
Maldives,121358.44393129097,123503.74878425148,125495.56286177371,127438.0875602031,129477.20406945594,131717.4628296429,134193.7047966522,136879.69412209772,139743.94500872918,142731.95290412233,145787.37028075772,148912.5381320099,152114.8435641823,155372.95470191957,158661.82580576633,161962.2527810569,165260.17763247655
Middle East & North Africa,163090338.1312917,166390745.51700684,169774336.85725558,173273101.79812682,176922912.45578828,180747373.1890865,184756674.59330994,188939251.31964454,193273858.9934567,197715438.13509083,202229616.81284502,206813428.1375761,211456562.79936728,216116146.0657384,220739549.30463335,225288959.61837372,229739750.82391784
Mexico,69590990.0203103,70499907.97409724,71387271.22732423,72265776.43991461,73126594.13727814,73992919.3204622,74864308.48048416,75636455.07393909,76543072.30249006,77451578.14570698,78302679.05168511,79132026.33407886,80001281.43481854,80861014.43884619,81684687.25440598,82486182.18042494,83276672.40447839
Marshall Islands,47757.35867989199,49317.989877832195,51234.120551161344,53636.39597673852,56682.52308348531,60456.36865597002,65039.81272310359,70297.79236236277,75905.22227615713,81419.0546283567,86503.46872735136,91050.21108114053,95102.84702817962,98691.92871054697,101855.93969384112,104662.15998589392,107164.40009755259
Middle income,2639098425.8710904,2670454123.0011535,2701919266.497993,2733451054.2738457,2764885142.9305797,2796118817.916581,2827085766.7710695,2857844211.7302194,2888596046.1112795,2919538439.3987675,2950748758.0234084,2982276540.7139163,3014132109.1837635,3046088773.9464836,3077869233.630131,3109260434.9402056,3140229432.700211
"Macedonia, FYR",2409296.8031102875,2404087.626253049,2401163.4010052416,2408141.3464454156,2416775.405827823,2424489.124912177,2431604.624009534,2437977.3295902205,2443915.2455334035,2448193.435293007,2447786.7515206453,2446280.8278119406,2445114.4131005974,2447241.270237613,2448209.712103704,2444030.2050692793,2439855.8278587945
Mali,5765698.111276035,5956492.465702935,6153882.9702617545,6358059.334953267,6569207.060880903,6787530.96730446,7013197.362028377,7246448.040747691,7487672.388335208,7737318.779361345,7995753.021927003,8263248.585644521,8539926.010061622,8825822.703218136,9120892.508776091,9425149.077881912,9738703.512982344
Malta,73512.47178600512,79017.79866615702,85667.50473495603,92895.83515187523,100059.89794428308,106558.3507069112,112211.74725633884,117051.93630631438,121231.5437627133,125062.2611743414,128794.11361827231,132425.53419231254,135855.0598645758,139150.86478018112,142220.20779460244,145134.7264034484,147870.13394177542
Myanmar,30480398.991344187,30836511.218268707,31194091.19342089,31554423.46412856,31919016.1265591,32289039.245370686,32664130.18615857,33044322.13340199,33431390.723655555,33827549.29937285,34233776.95514298,34650836.45976439,35076376.61903883,35504403.01211316,35926935.42467802,36337903.00232309,36734778.14712171
Middle East & North Africa (excluding high income),134585111.3826696,137307776.5991938,140095583.43042058,142978724.4945285,145997599.50459895,149178740.4493642,152531932.18260518,156044448.53632578,159690971.48529875,163423465.54313755,167199412.07226393,171014398.85168946,174869560.4142324,178733671.62620538,182572818.73152164,186364702.01301548,190088234.680253
Montenegro,602635.322242466,602395.1648037562,601820.8709665067,601033.134326126,600182.5291345264,599355.5789101465,598760.0047665002,598852.5343809853,599390.2070744934,599964.3249715322,600264.0383825456,600314.9229274819,600104.280497138,599692.1345916619,599355.1939957335,599236.0140967404,599243.514453386
Mongolia,1694976.1978814062,1723953.164380667,1755772.4239447457,1789163.613182254,1821992.1720605548,1852170.5901648994,1879151.9174393858,1903269.52880752,1925649.8344317244,1948251.5745385382,1971504.5814914624,1995663.1214679084,2021438.6863843247,2048635.1020277306,2076550.8319646744,2105230.6947718286,2134588.4323465065
Northern Mariana Islands,88965.73622958676,93312.36960760124,98272.61313078765,103580.66130642088,108935.85698337207,114031.99563167678,118830.7787763738,123364.13764758907,127665.30612034452,131815.84042929392,135905.02971897248,139897.85733143456,143769.36277520537,147550.28867285157,151227.86651839875,154836.14732891132,158385.3951260907
Mozambique,16603756.166803978,16926891.91725417,17235788.90883,17532647.376098856,17882901.196523637,18233405.3644692,18602923.066767316,18987262.54354211,19384011.90082883,19792939.281395055,20227315.862891145,20696714.33387098,21209281.996796362,21703883.57885943,22224613.740004305,22760876.076557845,23282937.358965285
Mauritania,1790548.7912851253,1835025.514145093,1879960.4117394101,1926077.4529662905,1974361.0344901367,2025415.68664287,2079737.7886087773,2136858.4659011397,2195221.7376715676,2252672.9659112305,2307746.413630896,2359829.428012415,2409603.339915437,2458515.3522401643,2508672.2233787077,2561624.746820929,2617820.0903818663
Mauritius,944116.4633662766,952149.2939354845,959350.5444800494,965993.680228329,972151.4738431333,977768.7585226796,984130.813552398,990406.6648020088,997315.785212883,1003617.3841928618,1009905.4651943643,1016874.2879385585,1023547.8610106221,1030097.5867053126,1037094.1698678994,1043621.7168934201,1049791.1082618912
Malawi,9871870.178125959,10070309.904553369,10256002.59660605,10440019.14237883,10641914.09944994,10872304.058270464,11137228.55004735,11428378.176142987,11735297.936084826,12038193.826295072,12327419.672489842,12595122.905106321,12848924.235530049,13089657.385387186,13326879.226901572,13561458.013254954,13800029.031441946
Malaysia,7161748.0808726065,7341649.439462776,7524929.4614523295,7711168.415453864,7899753.808286708,8090145.182447914,8282368.084396939,8476572.482318556,8672785.469806666,8871095.42483923,9072188.498741245,9275252.868703956,9479757.736027207,9686933.008679342,9897050.921549724,10110474.064231798,10327461.579996523
North America,208188476.56139466,210500016.29615223,212716672.6718683,214833201.25827336,217059719.5003835,219294807.38550436,221611979.5222976,223920227.51045835,226237516.47104955,228484042.15300778,230649678.59668958,232675137.35620233,234711267.96360016,236668680.74203908,238693332.21739995,240687147.323047,242601830.73397368
Namibia,2338855.7413306264,2384994.9344226746,2430393.1781677613,2474782.8996867724,2518073.0940368464,2560048.1360963196,2600734.0967639964,2640144.0847114143,2678623.9019273217,2716507.411855934,2754127.5366774388,2791560.14928793,2828806.1731190374,2866132.931490496,2903832.3755978923,2942078.255436827,2981049.703022713
New Caledonia,173256.21183491166,175122.13085662457,177588.8663418063,180242.63492858922,182538.52638340447,184777.4162756081,187250.24060396972,188688.75115267295,191493.9960000351,194543.55526848134,197149.06159698157,199368.4527350949,201902.73319226675,204602.64022595884,207621.91627911967,210882.16858588965,214390.01961412246
Niger,7101103.2103187,7308074.861209014,7527951.489733547,7760088.208511384,8003012.425196661,8255547.159712233,8517996.987725068,8790673.199516911,9072339.129960954,9361363.532638883,9656612.479301278,9957483.126547148,10264351.673200496,10578289.161287837,10900905.275410423,11233345.4196377,11575936.903913174
Nigeria,27590877.92861255,28229697.65414169,28849226.203053642,29462749.482964836,30088808.090016335,30741209.55891853,31424526.0782421,32136378.421627056,32875076.964677986,33636285.84898074,34416661.25085292,35216913.8727913,36038264.90702905,36878372.21093107,37734143.92914779,38603294.40501703,39484622.05119186
Nicaragua,4348073.382903741,4399467.865254372,4450723.371360786,4501707.68314899,4552151.2280223835,4601883.848640973,4650885.946312359,4699401.434407733,4747966.939478446,4797307.919515055,4847923.640699007,4899971.609987926,4953304.042876091,5007641.2739566285,5062583.585487686,5117773.596804159,5173163.349431163
Netherlands,14200243.959314138,14273171.543905176,14351012.85110688,14433882.174567217,14517310.800806072,14604487.221919192,14701292.494882202,14815849.787241274,14947210.265765786,15070040.3269638,15188321.768278768,15293231.846909206,15418131.109578671,15541248.978542447,15661139.421622327,15771152.533569628,15872027.45981296
Norway,2011294.3224884735,2024056.2377398575,2050490.2001153862,2052841.8400567127,2057243.349455231,2064321.8683310612,2079146.298280203,2086327.905775849,2105506.509412279,2116361.811565317,2141117.7056324915,2135093.08011589,2147906.464741419,2164263.94667531,2180442.5058385446,2201577.390386925,2219367.309189113
Nepal,5033024.802400067,5174780.478111807,5322524.42206416,5475390.230638485,5631962.600882661,5791271.912982546,5953083.697152367,6117952.867027058,6286627.553493305,6460178.108104455,6639364.380792774,6824434.157174792,7015116.212349107,7211021.714711837,7411538.131859122,7616204.910980635,7824905.87533733
Nauru,15471.290137025408,15557.68283571572,15636.195317185271,15710.567502635215,15786.593637035821,15871.845631508353,15968.668161941856,16073.549308566373,16178.276701051074,16269.863512419432,16353.147991105583,16436.177966600877,16517.34908861642,16600.41069401551,16684.080304287,16767.46902280491,16853.78299267912
New Zealand,3075978.059597326,3133718.407517305,3199910.433206802,3270310.156330514,3337445.040266943,3395692.9357310254,3443479.9052634346,3481106.997705953,3521126.2150725545,3577341.4473847966,3654466.7506402386,3758621.460964375,3885775.1857816717,4021256.9312804462,4152154.1143760863,4263172.41254459,4351929.693150545
OECD members,698150920.3977365,703483122.411365,708650449.6961012,713993035.4301224,719612400.7156305,725435207.6668246,731261417.9432182,737598250.3346435,745385895.5098996,752966558.4052209,759276015.7213745,764812834.0644882,771254194.2364287,777656877.7581412,783988226.894749,789767551.1536267,796151435.0389974
Oman,2180608.75041264,2236062.0873494926,2297051.264175786,2364834.64236335,2440811.4509838438,2525548.899959872,2619983.8388680425,2722786.24031351,2829684.057925775,2934729.1883878373,3033626.777897633,3124717.2296548365,3208809.3744833046,3287071.4001919655,3361668.28520605,3434303.5097741606,3504995.8137305365
Other small states,7167019.306082182,7307213.740151249,7450398.906532326,7597253.051834797,7748487.573466867,7904616.5954419635,8065602.528568007,8231469.811382726,8402912.375809034,8580586.914735371,8764226.772721125,8954464.885978727,9150383.316160882,9349349.485291798,9547870.900453677,9743382.215792943,9934672.797801975
Pakistan,93500833.1710173,95546768.1300988,97627822.31357053,99765299.93197016,101985216.06841645,104303582.11990324,106734115.0852238,109266202.69504146,111863813.9730559,114470274.32371432,117047196.49352412,119582024.10170001,122087611.66651402,124585513.22234316,127109488.25042123,129684968.29992783,132314442.1890009
Panama,2376340.2116178013,2409726.3126796903,2442905.1199628767,2475618.045309918,2507598.8405620297,2538435.835130159,2568043.169539995,2596585.7832638575,2624711.394428714,2653225.024492679,2682757.6706759846,2713443.8366796235,2745255.589176417,2777620.777015025,2810033.0706370305,2841862.677559023,2873061.922559801
Peru,17760353.795708697,17960384.03911771,18161889.780789662,18364255.412094273,18566354.536808692,18767487.774925485,18967295.75613467,19166393.11764133,19366176.963644084,19568556.643878706,19774758.378006466,19985299.12517923,20199384.171521,20415232.23996803,20630368.741545506,20842910.248740245,21052227.449666336
Philippines,24531790.70439614,24990673.1477291,25449849.483303424,25909303.19247293,26369335.15780097,26830155.350312978,27291528.889284905,27753302.900874473,28215817.630559284,28679596.64455387,29145181.40350394,29612329.836584765,30080680.06011831,30550641.326374147,31022152.04375121,31495360.165632013,31970136.06834734
Palau,14344.060541213978,14698.107827479207,15039.444212282266,15365.024511841779,15702.189583397078,16043.191128821816,16386.442951520723,16735.043241620097,17094.056660559883,17446.795223187633,17802.0232450199,18170.969222209613,18553.250153282992,18938.76441426493,19327.95850266701,19719.715562479836,20115.1066685487
Papua New Guinea,3656516.6413359595,3741380.5884292168,3826820.7172019277,3914124.3776581115,4005003.4338711184,4100492.5838732785,4201566.271367046,4307407.06353517,4415119.247093704,4520557.518739307,4620963.860235071,4715204.153327117,4804641.274528487,4892198.445049458,4982104.751809295,5077484.652746988,5179181.486193426
Poland,31773918.60612244,31717747.04247459,31664819.17816981,31616916.373193074,31583457.22204423,31561712.802195307,31554680.120760232,31575807.916341733,31627089.770749282,31704629.75343965,31782622.199172705,31865328.047251943,31962356.464950517,32061681.971971672,32159839.765082166,32256980.453784917,32354840.956302255
Pre-demographic dividend,201222078.5773879,206786134.7182421,212501998.22769225,218423972.77735803,224621595.45067742,231137584.6383578,238006539.87719944,245195349.3429501,252597976.0998109,260065071.65442708,267492173.44653165,274839604.45761573,282143971.91913325,289475292.8319267,296937564.90882003,304609374.3139296,312513093.4835592
Puerto Rico,4287318.205403563,4303783.675064499,4319235.790425196,4334169.67586899,4349572.6926616235,4365956.276726617,4383693.045129271,4402360.791430243,4421695.68733365,4440729.280035129,4459039.733891079,4476449.920387208,4493208.987843697,4509112.453119942,4524259.1895063035,4538655.170910086,4552167.460815654
"Korea, Dem. Peoples Rep.",18372690.03708079,18542666.87144476,18699409.203144807,18853803.182099905,19002147.587484464,19159393.728462916,19320334.8354606,19434055.59472773,19625271.87217739,19821441.840264846,19988955.14799994,20146314.179586023,20332699.52566565,20520226.048064236,20697026.782877132,20867741.69283382,21052224.48700777
Portugal,5240196.150505379,5305449.717241488,5377560.818458941,5461659.904615806,5546360.273283371,5637957.956522828,5738271.3879582565,5853590.15411289,5983855.709484652,6110325.126803792,6221637.388413145,6410651.965228281,6500060.398903829,6583311.238427381,6664572.667577157,6728392.1498294305,6787677.407832651
Paraguay,2188101.584512872,2235062.6471518856,2282991.4483562782,2332211.518676514,2383101.343071163,2435895.4612543033,2490719.2681890223,2547421.195093146,2605651.3419774864,2664773.1980874455,2724350.725890892,2784256.0560631715,2844423.090945823,2904625.4266996016,2964574.5023959214,3024073.6202291725,3082921.5651652324
Pacific island small states,410335.36463352875,415800.238341143,421122.12822917016,426325.18892342574,431468.53584481456,436579.1765400658,441627.3978088908,446595.4680241133,451883.4061435429,457119.4237943324,461948.30501378834,466793.4464483057,471611.0987799664,476357.08409827587,481000.90909571433,485517.16673757404,489891.196338303
Post-demographic dividend,590254314.8027849,594455522.5932863,598390289.5698225,602038172.9069426,605537989.6200017,608824927.6736751,612242270.5000095,615818358.0155967,619881462.3721116,623700483.2760117,627268815.0399578,630324635.2057204,633525936.7171342,636595686.7936678,639895540.9727731,643169503.5230504,646531378.2824756
French Polynesia,220050.22521603294,222956.12992001994,225838.51739086024,228684.25984799958,231475.68474042322,234200.1939856663,236857.46300045066,239451.8848366698,241981.73362708342,244445.8718649184,246847.05956530446,249177.63149943246,251445.92462639496,253689.86635305177,255960.05328321538,258290.43508960446,260696.80318019865
Qatar,727226.0756106785,742863.547049142,759524.8223759846,776822.2866240037,794267.7076725067,811521.3840460051,828283.8855888929,844557.004529108,860678.0936138863,877153.412558015,894322.7732414086,912283.4953285175,930823.7977988357,949594.9240476177,968104.1261378048,985982.7335586594,1003121.2799235773
Romania,16208830.059759745,16165386.604417838,16128091.680560224,16106281.290785808,16085102.863730332,16066046.36338394,16048439.138788566,16039166.098598503,16043594.924082313,16045466.302383121,16038914.34304234,16040212.29399372,16051296.256626517,16063705.328212276,16081233.990325885,16100340.63277388,16114865.45812328
Russian Federation,72697063.47362679,72617609.97403564,72700435.43436594,72797783.4147921,72900432.4507208,73006007.37276168,73063857.93155508,73103377.8877676,73160931.54774304,73327093.33106837,73376322.00986102,73573459.50853755,73777884.03213239,73966327.19427717,74141454.95777175,74311112.95632355,74513206.99304685
Rwanda,4608431.089870597,4813647.4624088295,4947183.71675477,5050197.430806259,5185988.963844724,5399455.5809103735,5698659.586586987,6065429.428298194,6488065.30069229,6946246.206991246,7422695.372746452,7918092.153428918,8430493.011247592,8935749.767462784,9402972.432790648,9810949.766755212,10148510.851240002
South Asia,507101681.14457774,516590911.90132564,526083104.22323775,535576927.8567848,545078398.7910604,554591726.3748645,564111438.5453212,573634302.1528367,583167779.8135064,592723444.7907492,602311682.8105698,611929067.7475392,621568551.8808349,631237439.0716168,640935917.5727863,650664349.2474133,660421188.2733384
Saudi Arabia,19435531.502739258,19748765.97478087,20106844.365164064,20534747.56614017,21061640.750311308,21708038.80299776,22477733.93438472,23364767.682381097,24365359.27341098,25471246.124440655,26670201.633240677,27961988.138054002,29330194.23439853,30725510.459864423,32084729.434264794,33359521.568186153,34531917.02042043
Sudan,17095078.61571181,17466291.13063924,17836282.574517436,18205073.035073407,18572625.993304625,18938493.267378196,19305356.114853296,19672600.613736704,20032778.48510822,20375817.95154971,20695951.36313048,20989651.971595943,21263199.116605163,21532818.594275627,21820686.92384022,22143069.756016653,22505551.46961602
Senegal,3048942.6595266974,3126285.2466806173,3205945.658403651,3287773.8207730656,3371487.3081240687,3456830.8485136377,3543831.536522767,3632507.8915466997,3722666.3651635777,3814064.838594998,3906667.9123352147,4000186.404743397,4094493.12339085,4189888.269902661,4286458.481401015,4384314.959654901,4483502.452810489
Singapore,2059005.6636384986,2122144.758582872,2187369.024672607,2254683.718634724,2324035.358187221,2395394.0010505994,2468818.5877486505,2544371.0118337143,2622031.6807144308,2701759.284054556,2783541.2978028376,2867378.5907007717,2953343.2611881252,3041582.8033995237,3132305.7924411837,3225651.6666240143,3321691.6445403416
Solomon Islands,237362.5408702131,242675.87220766005,248053.28596450677,253553.1285780663,259254.46589476918,265209.40342265676,271444.04210620606,277929.3981979012,284595.05801672826,291334.88962596667,298073.3875866501,304786.93917380116,311494.8698056056,318221.5216238714,325008.90352975344,331888.640926575,338862.08920127904
Sierra Leone,3252480.608655214,3328051.293616852,3408589.967683403,3498481.85414246,3604084.077605991,3729425.653310689,3875702.186177989,4038900.8246786706,4211553.835133886,4383627.468410695,4547148.390893448,4699935.67153816,4842428.428826648,4973392.338565249,5092053.420870516,5198479.793519332,5291391.752736244
El Salvador,3371379.002573078,3396257.1647576373,3418047.974808386,3439015.1083022947,3457786.7109958977,3472839.023071759,3494020.41905707,3514853.359722213,3540806.605786526,3561450.0466338657,3581366.0980131608,3605910.3163969954,3625944.4015430883,3646057.9615719197,3670533.7188472,3693076.118115426,3715227.9944140892
San Marino,32780.54516505943,32935.462265476475,33054.828310218436,33155.33453768274,33266.56887089241,33400.24070285239,33563.76622913318,33751.83075874232,33957.609847139174,34165.13036315209,34367.06831990835,34557.725406971265,34748.27327686797,34935.1035102458,35125.88585158422,35316.063429951006,35508.76718543619
Somalia,28546854.968084626,28770539.4374462,28932740.93614218,29044094.889375538,29143371.448925205,29255537.568257466,29382469.03693494,29514380.835146446,29648420.285006654,29776795.689478293,29874407.915548246,29901651.06546934,29835126.914106864,29722613.28513778,29621610.80500932,29538542.1994991,29498613.342159215
Sub-Saharan Africa (excluding high income),151489063.88186568,155515875.99947348,159617247.45904246,163820114.93052885,168160879.0821795,172661501.46906298,177338125.2298395,182172015.5762407,187105841.9948843,192060595.69355527,196980736.65233317,201843493.54047298,206668280.86421967,211492761.34012693,216374425.796156,221355669.89913934,226446504.12719333
South Sudan,5439909.210347295,5612995.729538473,5748593.998582246,5862190.236682382,5978336.252653394,6115061.907092727,6275960.390937507,6453361.43247678,6640466.823101369,6826688.803675943,7004231.465959015,7171315.309076792,7330879.70953964,7485325.071661503,7638637.66757366,7793652.378863253,7950859.10388581
Sub-Saharan Africa,151446458.84876248,155473596.63542795,159575252.18903187,163778848.72116047,168120895.32664272,172623549.71135387,177302989.7647415,182140495.56959862,187078411.697062,192037583.95114887,196962077.77560806,201829380.96828756,206658545.87368208,211487253.08843186,216372947.9408329,221357920.05643573,226452201.13603273
Small states,15115950.169287222,15332477.967481365,15548494.153221654,15763142.123476548,15975132.207239281,16183786.792071328,16388385.468676072,16589943.962273229,16791556.112243146,16997412.014893703,17210439.813549392,17431710.931549642,17659697.5526529,17891582.40641493,18123012.013565045,18350713.80947371,18573602.44671903
Sao Tome and Principe,68101.6879208305,69957.33656785516,71917.03343109853,74003.04525823364,76239.9293751597,78632.10536414327,81218.37340800556,83962.87149052291,86716.5935472773,89279.69676217197,91518.26838484446,93346.32477350562,94829.88740552907,96170.57142452794,97659.36540573007,99495.29251024572,101759.18903562213
Suriname,758740.3228517071,763197.5934732493,767838.7268277864,771893.1401354026,775467.1597911689,778746.6721049848,781560.2381047881,784152.6696166191,786401.485269241,788404.5167485841,791240.5874733555,784109.3359674437,789462.1662086009,795405.0761693672,802113.2489271075,811317.4827862736,820963.3283298583
Slovak Republic,4201179.711005492,4203387.511642613,4204627.62737824,4204949.658842065,4203902.363414927,4203417.198099683,4203343.039083964,4204446.860973855,4207172.013252543,4210951.814851174,4204285.993278771,4205594.613527405,4205414.645480275,4203511.371558788,4201285.654015864,4199630.454517783,4198649.647300189
Slovenia,1594278.0161563307,1594065.5052097293,1593637.722312471,1594911.3327481244,1596138.4716031079,1597017.669194257,1597502.9269584673,1597011.8937963662,1596271.63493891,1596151.091390748,1595028.6953584328,1593947.0373126166,1593260.0157782242,1592862.5363977402,1592874.8865715927,1593390.5691426753,1594571.6119565296
Sweden,4742140.041897484,4767600.581197764,4800507.702159187,4834769.280582512,4867538.753051075,4901833.2465073755,4939936.271738353,4985010.704860909,5038617.301209017,5093347.378019736,5147471.659250549,5209180.687620918,5260167.990485941,5308116.341216983,5354817.449087892,5405993.1856155,5455185.598658327
Swaziland,739249.6459225347,757512.9880021674,777503.8972411293,799058.4307548685,821872.4702252902,845708.9622812541,870530.3602485207,896367.5454074865,923129.5495113097,950717.0099589484,979042.467731715,1008039.452869959,1037635.4431293881,1067749.7402572809,1098284.101753252,1129148.657294876,1160311.2115058098
Seychelles,110870.33127299405,111957.41326608005,113102.68497921783,114280.59874532811,115414.97255484053,116518.61175371362,117592.21374764277,118702.66713696692,119972.61204852149,121372.81566243625,122977.94600025269,124897.10374022053,127055.06620342103,129217.6603567079,131284.38865277354,133099.08215664758,134593.3398801
Syrian Arab Republic,12324703.227651672,12598684.644596426,12876726.472514333,13162757.368259631,13461804.441133915,13776957.050899955,14110671.28163534,14460704.354265768,14819932.160208646,15177636.259152805,15526501.871378148,15863951.302717786,16192574.084642975,16517051.377356188,16844572.629060328,17180513.06198879,17525768.63814166
Turks and Caicos Islands,16508.883710467373,16839.67494840946,17106.68413374164,17325.918289585756,17527.534321913507,17730.293160789857,17931.802918556215,18138.086616080414,18364.435343913196,18605.710056787495,18853.428773472726,19116.072940294318,19409.453640584048,19722.69914698405,20042.972549224985,20368.884439054516,20704.387239289386
Chad,7010738.459247054,7208692.0472521065,7408221.418020607,7609825.175606256,7814149.467048013,8021518.185764734,8232417.02768015,8446474.213178964,8663040.640670717,8880921.344409378,9099779.512572065,9318916.43091635,9539090.460425068,9760929.41635456,9985908.0889554,10215073.071934428,10448855.29224311
East Asia & Pacific (IDA & IBRD countries),1261912715.2384562,1274538523.891398,1286390263.2331944,1298001118.4939914,1309193721.5380604,1320946840.3031106,1333078128.5667083,1341966470.2015991,1355782474.2489018,1369884640.3231282,1382171556.988375,1393942210.6812167,1407438714.5986366,1421029816.8196127,1433941740.052993,1446637247.3842957,1459788343.716305
Europe & Central Asia (IDA & IBRD countries),385117578.30884755,385084366.2981722,385153719.0382216,385458642.6687319,385881541.9072349,386318095.3680235,386809500.9772923,387402369.7312552,388257523.99492174,389568993.52857876,391015203.1883608,392640397.2928021,394394281.3177542,396277072.6474436,398121610.88761914,399964461.8104947,401800627.6036006
Togo,1384228.533639785,1419342.7374812567,1454817.1051483648,1491168.0035925861,1529100.7001087198,1569060.1973282467,1611335.4091724528,1655630.592471235,1701068.4689672245,1746423.636945448,1790917.2644496125,1834124.1132913646,1876274.5678647854,1918065.8001503632,1960386.6125863683,2003893.424185594,2048759.9353203098
Thailand,52328030.25002289,52676720.70611727,53028307.766943,53387907.81353143,53746752.83577956,54095976.29997565,54436063.82908834,54766425.62395813,55090765.84454492,55414117.00557952,55726880.44304058,56026190.20130207,56319534.95039743,56677563.658546455,57064514.08150209,57461576.81971985,57907815.05343426
Tajikistan,3993212.4440734587,4040877.6368318587,4088379.145376072,4136306.671066073,4185316.6544030895,4235963.240690455,4288372.108542905,4342697.5245240955,4399508.9831850035,4459457.337282321,4522893.694824986,4590081.539664097,4660626.754479319,4733386.991890193,4806782.294744184,4879588.2061404465,4951373.215991074
Turkmenistan,1914246.4726595634,1940345.341294547,1963924.387526629,1985599.8309929045,2006212.6344007147,2026442.9362313095,2046512.650289042,2066419.9649218014,2086161.1833299971,2105827.3728145203,2125331.520949053,2144681.9640900632,2164123.700879105,2183886.6179296616,2204393.944291669,2225889.871438873,2248522.283117721
Latin America & the Caribbean (IDA & IBRD countries),365616114.7808689,370115498.63922465,374605843.366828,379071728.5426506,383489911.5273669,387845657.0600473,392129424.2429025,396351409.2063148,400540117.24431044,404735296.1735785,408963511.8526736,413234683.67274415,417534535.5645182,421834018.3169345,426091903.4611827,430277036.21643573,434379563.2926728
Timor-Leste,1441268.7885579625,1447046.8592784011,1458293.2582293286,1472008.0245065086,1487286.079383518,1504779.0682854208,1520794.592439387,1534365.167376935,1547091.5340249953,1558793.964633071,1571323.0582927505,1585565.3490778047,1600887.9366948397,1618239.6841762508,1637376.1167578099,1659713.711963126,1682260.4555332686
Middle East & North Africa (IDA & IBRD countries),51507174.999795705,52402160.51444608,53299378.68534495,54214616.85858435,55167935.49508681,56173077.07075217,57234072.005371936,58347445.74157316,59510122.41224154,60717603.30142475,61953527.23259198,63222564.87235083,64520658.50811846,65831386.343695894,67134040.792894,68413245.59761262,69660074.71005808
Tonga,144281.25730332523,144596.66693450778,145020.30676974918,145666.69429074955,146490.61155985142,147140.5233262809,147563.94612280227,148149.65414111558,148884.58214893405,149534.27506287268,150311.05176101706,150699.8809359428,151154.5293972329,152313.72092733957,153317.25968631834,153367.63310717745,153444.9845691834
South Asia (IDA & IBRD),507101675.46876514,516590906.0848104,526083098.26831585,535576921.7706536,545078392.5846066,554591720.0618565,564111432.1416998,573634295.6774721,583167773.289391,592723438.2453365,602311676.2842842,611929061.2690058,621568545.4638563,631237432.7385683,640935911.3320938,650664343.1051986,660421182.2295892
Sub-Saharan Africa (IDA & IBRD countries),151446458.84876248,155473596.63542795,159575252.18903187,163778848.72116047,168120895.32664272,172623549.71135387,177302989.7647415,182140495.56959862,187078411.697062,192037583.95114887,196962077.77560806,201829380.96828756,206658545.87368208,211487253.08843186,216372947.9408329,221357920.05643573,226452201.13603273
Trinidad and Tobago,997708.404281914,1005406.1364847588,1013944.5752683936,1023291.0975992966,1033144.0888907243,1043510.8482328559,1054413.601019915,1065738.9138898589,1077552.2677827138,1089354.0780185743,1099352.0931328684,1109791.986862926,1119486.2136749125,1128452.3972723424,1137176.613876876,1145857.266248521,1154536.378233231
Tunisia,6221834.309929704,6325093.034776395,6428341.448607052,6533890.745525435,6644560.360246355,6762419.803749639,6888352.827286993,7022149.314373957,7163350.382793703,7310875.556378338,7463843.640924839,7622180.357039432,7785761.3909035195,7953484.835377165,8124039.74884849,8296310.938029904,8469745.407077296
Turkey,54255842.52634543,54939271.286729366,55618250.0761271,56291615.39591781,56957172.81084472,57613914.02356167,58260706.08097323,58898566.053693965,59531126.2243624,60163272.67794168,60798397.847836085,61437331.67572604,62078548.734472916,62718924.746685535,63353959.45704213,63980180.022169545,64596631.52368229
Tuvalu,6517.986613681835,6527.932172078281,6537.954748541712,6554.74252732693,6574.488775519634,6595.029527239187,6617.117568401685,6641.434882575725,6670.185014329688,6706.463964416313,6745.0165638129265,6781.742463397943,6821.775787957832,6864.897801679307,6907.2752898616545,6950.204794393935,6992.5447882234275
Tanzania,9846030.61608621,10092095.230135497,10341529.199282138,10593057.216133706,10844912.038148921,11095905.126357317,11345530.590023391,11594404.706078807,11843809.32350821,12095630.56113709,12351231.684299946,12611013.112099685,12874630.018881107,13141819.826273382,13412029.697461642,13684857.943319213,13960233.925029784
Uganda,10560851.133978814,10850074.240724485,11158978.548961118,11486873.02777297,11831608.037851727,12191607.331488451,12566935.413570419,12958554.225331893,13366590.205394922,13791172.331284061,14232058.942140168,14689473.279328957,15162360.988033824,15647622.773369549,16141240.840680864,16640262.980713552,17143371.732253097
Ukraine,32754501.150761,32637880.23026987,32553216.752934925,32456685.197664097,32412056.949425902,32364737.302100893,32308559.081157982,32286100.814679373,32298017.27617213,32396945.16929857,32388255.1589254,32372055.739676192,32374631.672755748,32505907.782697994,32612342.875954174,32691870.100644615,32792537.45255629
Upper middle income,1046773080.369127,1056707453.2214977,1066198104.3561255,1075335951.9119663,1084219980.185874,1093076163.029114,1101720632.4024174,1109846390.4321532,1118278630.2389133,1126686453.9198384,1134950709.597013,1143258036.364969,1151840181.8413455,1160521284.6937659,1169225073.8493938,1177863146.85938,1186694910.2335312
Uruguay,1517576.4183500325,1536482.6928312876,1555455.66159022,1574711.8667505325,1593446.7932543256,1611511.063661235,1628701.7720014602,1644867.5284602125,1661134.3789884292,1677447.3692056113,1693259.5718702646,1710105.5675455653,1732699.4898104565,1761005.7986142198,1797841.8460288632,1824976.0559221678,1849326.3821418034
United States,190116221.39332238,192482720.88521388,194683397.6333782,196771705.65336818,198939601.01183763,201117832.86968797,203342372.68179208,205595674.80363172,207875367.17666262,210301331.53215194,212501820.89536995,214593718.759834,216722989.877363,218810939.5293529,220976801.27451777,223130973.5002944,225299834.83028644
Uzbekistan,14234591.252961636,14405900.087714635,14576987.11972351,14747923.104987603,14918195.295617988,15087595.909537643,15255846.017345415,15423325.66298455,15591265.103385003,15761069.843651475,15933321.768847598,16108485.441575615,16286059.34168878,16464796.113064533,16642791.673685556,16818647.54222102,16992016.32381098
St. Vincent and the Grenadines,74956.62416520197,75008.68103236113,75072.36628235679,75109.43628169392,75097.2334283479,75104.27542701527,75157.23681882929,75286.4253883005,75310.59957983022,75518.7675478473,75574.27197360052,75573.87020450617,75580.3205387436,75564.26342424886,75539.22156379581,75513.192503425,75491.9082415015
"Venezuela, RB",4295403.328965403,4363701.509187758,4430868.394087747,4497556.320069926,4564816.670470487,4633368.383071846,4703579.758928906,4775762.341724491,4849636.033730333,4924436.402449088,5003505.445232084,5082432.786753863,5157237.452655961,5232508.904580146,5308285.139026984,5384232.585081851,5460056.581669338
British Virgin Islands,13925.362660815581,14117.504268835675,14255.507427823155,14340.573134569968,14378.761630953606,14376.268528701587,14330.422039952015,14247.446992430267,14157.206595134207,14096.120621948878,14091.195186931245,14155.307413931785,14280.243387695366,14448.18508399786,14629.886741183966,14804.049761232536,14966.32141213454
Virgin Islands (U.S.),516180.39584836166,516466.874938373,516917.2226870633,519638.1249419765,523096.08315115096,525643.792537602,527096.7111429264,528117.083839023,529539.544774832,531411.7752639689,533650.0038314833,536294.4133209556,539998.4669328732,547399.9332021326,553649.5189518426,555277.6585926167,555733.4269806058
Vietnam,40355198.28571648,40851213.27343451,41346024.64310947,41837598.69830326,42328930.70642949,42821018.58217636,43317829.19030925,43835454.53825612,44375165.45212364,44930048.33738741,45616950.02202115,46302265.005176544,46860052.364091925,47433145.66829129,48022818.66871546,48619232.45956446,49214742.53053298
Vanuatu,121735.88733452698,123816.41813298235,125886.08895291315,127954.0699575445,130030.44313072946,132123.63180831907,134235.71977033548,136370.54845980293,138543.56027803195,140773.5282439748,143071.91635038462,145444.8866422195,147884.78950540314,150371.2907313783,152876.03840198147,155376.67427982247,157865.71614000402
World,4739679598.3725605,4798567622.26668,4857190414.986959,4915355608.424679,4972713670.034414,5029042163.981866,5084217045.711273,5138402279.838982,5192133188.16147,5246142472.634322,5300891960.573734,5356564299.577778,5412951336.95331,5469606486.49781,5525890622.723076,5581310295.683777,5635739423.601367
Samoa,313500.157162514,314542.91994251386,315750.4683315972,316793.8234515202,317833.7068303897,318935.20660009305,320088.6067695058,321454.52620949544,323093.5852933625,324857.69493700325,327103.4106372136,329350.89956435736,330752.9037691504,331739.9376733565,332667.3863648285,334326.57079098833,336308.1027933026
Kosovo,2133703.006291742,2147604.773303452,2173116.6171391024,2205613.2342542047,2237398.268308624,2263469.088273655,2283264.169802046,2297870.543881297,2306373.418483338,2308604.008785857,2303843.1908272323,2291186.619588688,2271803.6473716744,2248488.665093325,2224099.4527949914,2205956.8059162498,2193705.6884682933
"Yemen, Rep.",15948358.922365649,16669082.149407966,17471710.239380285,18311532.096207093,19135039.178780925,19893277.134049654,20576687.264871836,21196477.786836606,21769802.356062934,22328273.19776352,22896670.022799406,23477376.393277466,24061315.601633187,24650603.97172325,25233861.36990163,25813215.89110781,26385614.011756234
South Africa,31549507.362787608,32001526.499068707,32454181.679438617,32907234.539883845,33360239.434659038,33812970.22693608,34265101.041227974,34717089.54465868,35170453.008508675,35627254.060021214,36088915.57477749,36555767.675746895,37026721.63992839,37500104.415501274,37973288.288666435,38444211.20984519,38912110.731601946
Zambia,7835033.440450272,8003891.384622991,8175313.899611742,8350033.37826261,8529067.744048912,8713031.02101191,8902193.344986133,9096093.804526022,9293806.001542147,9493671.627576543,9694514.618409278,9896053.18455631,10098260.807883209,10300665.696212558,10502786.765767332,10704352.346765757,10904881.58773617
Zimbabwe,9800025.039403943,9950365.836445246,10101848.478207331,10254949.35332494,10409855.557015019,10566830.40222772,10726123.770024542,10888126.614519805,11053294.133266011,11222164.263042154,11394892.420873718,11571498.64476259,11751632.713548813,11934713.005075853,12119928.211777486,12306306.6490351,12493653.117937526
